Cycle No,Residual Capacity(Actual),Residual Capacity(Predicted)
1,100,
2,100,
3,100,
4,100,
5,100,
6,100,
7,100,
8,100,
9,100,
10,100,
11,100,
12,100,
13,100,
14,100,
15,100,
16,100,
17,100,
18,100,
19,100,
20,100,
21,100,
22,100,
23,100,
24,100,
25,100,
26,100,
27,100,
28,100,
29,100,
30,100,
31,100,
32,100,
33,100,
34,100,
35,100,
36,100,
37,100,
38,100,
39,100,
40,100,
41,100,
42,100,
43,100,
44,100,
45,100,
46,100,
47,100,
48,100,
49,100,
50,100,
51,100,
52,100,
53,100,
54,100,
55,100,
56,100,
57,100,
58,100,
59,100,
60,100,
61,100,
62,100,
63,100,
64,100,
65,100,
66,100,
67,100,
68,100,
69,100,
70,100,
71,100,
72,100,
73,100,
74,100,
75,100,
76,100,
77,100,
78,100,
79,100,
80,100,
81,100,
82,100,
83,100,
84,100,
85,100,
86,100,
87,100,
88,100,
89,100,
90,100,
91,100,
92,100,
93,100,
94,100,
95,100,
96,100,
97,100,
98,100,
99,100,
100,100,
101,100,
102,100,
103,100,
104,100,
105,100,
106,100,
107,100,
108,100,
109,100,
110,100,
111,100,
112,100,
113,100,
114,100,
115,100,
116,100,
117,100,
118,100,
119,100,
120,100,
121,100,
122,100,
123,100,
124,100,
125,100,
126,100,
127,100,
128,100,
129,100,
130,100,
131,100,
132,100,
133,100,
134,100,
135,100,
136,100,
137,100,
138,100,
139,100,
140,100,
141,100,
142,100,
143,100,
144,100,
145,100,
146,100,
147,100,
148,100,
149,100,
150,100,
151,100,
152,100,
153,100,
154,100,
155,100,
156,100,
157,100,
158,100,
159,100,
160,100,
161,100,
162,100,
163,100,
164,100,
165,100,
166,100,
167,100,
168,100,
169,100,
170,100,
171,100,
172,100,
173,100,
174,100,
175,100,
176,100,
177,100,
178,100,
179,100,
180,100,
181,100,
182,100,
183,100,
184,100,
185,100,
186,100,
187,100,
188,100,
189,100,
190,100,
191,100,
192,100,
193,100,
194,100,
195,100,
196,100,
197,100,
198,100,
199,100,
200,100,
201,100,
202,100,
203,100,
204,100,
205,100,
206,100,
207,100,
208,100,
209,100,
210,100,
211,100,
212,100,
213,100,
214,100,
215,100,
216,100,
217,100,
218,100,
219,100,
220,100,
221,100,
222,100,
223,100,
224,100,
225,100,
226,100,
227,100,
228,100,
229,100,
230,100,
231,100,
232,100,
233,100,
234,100,
235,100,
236,100,
237,100,
238,100,
239,100,
240,100,
241,99.98,
242,99.96,
243,99.96,
244,99.96,
245,99.95,
246,99.93,
247,99.93,
248,99.93,
249,99.92,
250,99.91,
251,99.9,
252,99.89,
253,99.88,
254,99.86,
255,99.83,
256,99.83,
257,99.82,
258,99.81,
259,99.81,
260,99.8,
261,99.8,
262,99.79,
263,99.76,
264,99.75,
265,99.75,
266,99.73,
267,99.73,
268,99.72,
269,99.7,
270,99.7,
271,99.68,
272,99.64,
273,99.63,
274,99.61,
275,99.61,
276,99.6,
277,99.6,
278,99.6,
279,99.59,
280,99.59,
281,99.58,
282,99.57,
283,99.57,
284,99.56,
285,99.56,
286,99.55,
287,99.55,
288,99.55,
289,99.54,
290,99.52,
291,99.5,
292,99.5,
293,99.49,
294,99.45,
295,99.44,
296,99.44,
297,99.43,
298,99.4,
299,99.37,
300,99.36,
301,99.34,
302,99.34,
303,99.32,
304,99.32,
305,99.3,
306,99.29,
307,99.26,
308,99.25,
309,99.24,
310,99.24,
311,99.23,
312,99.2,
313,99.19,
314,99.17,
315,99.16,
316,99.16,
317,99.14,
318,99.13,
319,99.13,
320,99.12,
321,99.11,
322,99.11,
323,99.11,
324,99.09,
325,99.08,
326,99.07,
327,99.06,
328,99.05,
329,99.04,
330,99.03,
331,99.02,
332,99,
333,98.98,
334,98.98,
335,98.97,
336,98.95,
337,98.92,
338,98.91,
339,98.9,
340,98.87,
341,98.83,
342,98.82,
343,98.82,
344,98.82,
345,98.8,
346,98.8,
347,98.8,
348,98.77,
349,98.77,
350,98.75,
351,98.74,
352,98.73,
353,98.72,
354,98.72,
355,98.71,
356,98.7,
357,98.69,
358,98.69,
359,98.67,
360,98.67,
361,98.66,
362,98.66,
363,98.63,
364,98.61,
365,98.59,
366,98.58,
367,98.57,
368,98.57,
369,98.56,
370,98.55,
371,98.51,
372,98.5,
373,98.49,
374,98.48,
375,98.47,
376,98.47,
377,98.43,
378,98.43,
379,98.4,
380,98.39,
381,98.36,
382,98.36,
383,98.36,
384,98.35,
385,98.34,
386,98.33,
387,98.32,
388,98.32,
389,98.31,
390,98.28,
391,98.28,
392,98.26,
393,98.26,
394,98.26,
395,98.24,
396,98.24,
397,98.22,
398,98.22,
399,98.21,
400,98.2,
401,98.2,
402,98.19,
403,98.19,
404,98.15,
405,98.14,
406,98.13,
407,98.11,
408,98.09,
409,98.08,
410,98.06,
411,98.05,
412,98.04,
413,98.02,
414,97.98,
415,97.98,
416,97.98,
417,97.97,
418,97.96,
419,97.96,
420,97.95,
421,97.92,
422,97.92,
423,97.92,
424,97.91,
425,97.88,
426,97.87,
427,97.86,
428,97.86,
429,97.85,
430,97.84,
431,97.83,
432,97.82,
433,97.79,
434,97.79,
435,97.78,
436,97.77,
437,97.76,
438,97.76,
439,97.75,
440,97.74,
441,97.74,
442,97.71,
443,97.7,
444,97.7,
445,97.68,
446,97.68,
447,97.65,
448,97.65,
449,97.64,
450,97.61,
451,97.61,
452,97.59,
453,97.57,
454,97.55,
455,97.55,
456,97.54,
457,97.52,
458,97.51,
459,97.5,
460,97.49,
461,97.49,
462,97.46,
463,97.45,
464,97.43,
465,97.42,
466,97.42,
467,97.42,
468,97.41,
469,97.41,
470,97.39,
471,97.38,
472,97.36,
473,97.35,
474,97.33,
475,97.33,
476,97.33,
477,97.32,
478,97.3,
479,97.29,
480,97.29,
481,97.27,
482,97.26,
483,97.22,
484,97.2,
485,97.2,
486,97.2,
487,97.18,
488,97.16,
489,97.16,
490,97.15,
491,97.14,
492,97.14,
493,97.14,
494,97.12,
495,97.12,
496,97.1,
497,97.1,
498,97.08,
499,97.07,
500,97.06,
501,97.05,
502,97.03,
503,97.01,
504,97,
505,97,
506,96.98,
507,96.97,
508,96.97,
509,96.95,
510,96.92,
511,96.91,
512,96.9,
513,96.89,
514,96.88,
515,96.87,
516,96.87,
517,96.87,
518,96.86,
519,96.86,
520,96.85,
521,96.83,
522,96.8,
523,96.79,
524,96.77,
525,96.76,
526,96.76,
527,96.75,
528,96.75,
529,96.74,
530,96.7,
531,96.7,
532,96.69,
533,96.66,
534,96.66,
535,96.65,
536,96.65,
537,96.64,
538,96.64,
539,96.6,
540,96.6,
541,96.59,
542,96.58,
543,96.57,
544,96.55,
545,96.55,
546,96.55,
547,96.55,
548,96.54,
549,96.53,
550,96.5,
551,96.49,
552,96.46,
553,96.43,
554,96.43,
555,96.43,
556,96.43,
557,96.42,
558,96.42,
559,96.38,
560,96.37,
561,96.34,
562,96.34,
563,96.34,
564,96.34,
565,96.33,
566,96.32,
567,96.32,
568,96.3,
569,96.3,
570,96.29,
571,96.29,
572,96.24,
573,96.24,
574,96.23,
575,96.22,
576,96.22,
577,96.2,
578,96.2,
579,96.17,
580,96.16,
581,96.16,
582,96.13,
583,96.13,
584,96.11,
585,96.1,
586,96.09,
587,96.09,
588,96.08,
589,96.04,
590,96.01,
591,96.01,
592,96.01,
593,96,
594,95.98,
595,95.98,
596,95.98,
597,95.97,
598,95.97,
599,95.94,
600,95.94,
601,95.93,
602,95.92,
603,95.91,
604,95.9,
605,95.89,
606,95.88,
607,95.88,
608,95.86,
609,95.86,
610,95.82,
611,95.82,
612,95.8,
613,95.79,
614,95.79,
615,95.78,
616,95.77,
617,95.76,
618,95.75,
619,95.75,
620,95.74,
621,95.72,
622,95.72,
623,95.71,
624,95.7,
625,95.69,
626,95.65,
627,95.64,
628,95.64,
629,95.6,
630,95.6,
631,95.59,
632,95.57,
633,95.56,
634,95.55,
635,95.53,
636,95.52,
637,95.52,
638,95.52,
639,95.51,
640,95.51,
641,95.5,
642,95.5,
643,95.49,
644,95.47,
645,95.44,
646,95.43,
647,95.43,
648,95.42,
649,95.41,
650,95.4,
651,95.4,
652,95.39,
653,95.39,
654,95.38,
655,95.36,
656,95.35,
657,95.34,
658,95.33,
659,95.32,
660,95.31,
661,95.31,
662,95.3,
663,95.3,
664,95.22,
665,95.22,
666,95.22,
667,95.22,
668,95.21,
669,95.21,
670,95.21,
671,95.19,
672,95.15,
673,95.15,
674,95.15,
675,95.14,
676,95.13,
677,95.12,
678,95.11,
679,95.1,
680,95.09,
681,95.08,
682,95.06,
683,95.03,
684,95.02,
685,95.02,
686,95.02,
687,95.01,
688,95.01,
689,95.01,
690,94.99,
691,94.99,
692,94.98,
693,94.97,
694,94.96,
695,94.95,
696,94.94,
697,94.93,
698,94.93,
699,94.92,
700,94.89,
701,94.88,
702,94.86,
703,94.85,
704,94.84,
705,94.83,
706,94.83,
707,94.81,
708,94.8,
709,94.8,
710,94.8,
711,94.77,
712,94.75,
713,94.75,
714,94.74,
715,94.72,
716,94.72,
717,94.7,
718,94.69,
719,94.68,
720,94.68,
721,94.66,
722,94.65,
723,94.64,
724,94.63,
725,94.63,
726,94.61,
727,94.6,
728,94.6,
729,94.59,
730,94.59,
731,94.59,
732,94.58,
733,94.56,
734,94.56,
735,94.55,
736,94.53,
737,94.53,
738,94.53,
739,94.51,
740,94.48,
741,94.48,
742,94.46,
743,94.46,
744,94.46,
745,94.44,
746,94.43,
747,94.41,
748,94.41,
749,94.41,
750,94.38,
751,94.38,
752,94.35,
753,94.34,
754,94.33,
755,94.33,
756,94.32,
757,94.3,
758,94.29,
759,94.28,
760,94.28,
761,94.28,
762,94.26,
763,94.24,
764,94.22,
765,94.22,
766,94.19,
767,94.19,
768,94.18,
769,94.17,
770,94.17,
771,94.16,
772,94.16,
773,94.15,
774,94.14,
775,94.14,
776,94.13,
777,94.13,
778,94.12,
779,94.12,
780,94.09,
781,94.09,
782,94.09,
783,94.07,
784,94.06,
785,94.06,
786,94.04,
787,94.03,
788,94.03,
789,94.01,
790,93.99,
791,93.98,
792,93.97,
793,93.95,
794,93.94,
795,93.93,
796,93.93,
797,93.93,
798,93.92,
799,93.9,
800,93.89,
801,93.88,
802,93.84,
803,93.84,
804,93.83,
805,93.83,
806,93.82,
807,93.8,
808,93.78,
809,93.78,
810,93.77,
811,93.76,
812,93.76,
813,93.74,
814,93.73,
815,93.73,
816,93.72,
817,93.72,
818,93.71,
819,93.7,
820,93.7,
821,93.69,
822,93.65,
823,93.65,
824,93.65,
825,93.65,
826,93.65,
827,93.63,
828,93.61,
829,93.61,
830,93.59,
831,93.59,
832,93.57,
833,93.54,
834,93.54,
835,93.54,
836,93.54,
837,93.54,
838,93.53,
839,93.52,
840,93.51,
841,93.48,
842,93.46,
843,93.46,
844,93.46,
845,93.46,
846,93.45,
847,93.41,
848,93.41,
849,93.4,
850,93.37,
851,93.37,
852,93.36,
853,93.34,
854,93.34,
855,93.33,
856,93.33,
857,93.32,
858,93.31,
859,93.3,
860,93.29,
861,93.29,
862,93.28,
863,93.28,
864,93.27,
865,93.27,
866,93.24,
867,93.23,
868,93.22,
869,93.2,
870,93.18,
871,93.17,
872,93.17,
873,93.17,
874,93.15,
875,93.15,
876,93.14,
877,93.14,
878,93.13,
879,93.13,
880,93.11,
881,93.1,
882,93.09,
883,93.08,
884,93.06,
885,93.05,
886,93.03,
887,93.03,
888,93.03,
889,92.99,
890,92.97,
891,92.97,
892,92.97,
893,92.95,
894,92.95,
895,92.95,
896,92.94,
897,92.93,
898,92.93,
899,92.92,
900,92.9,
901,92.89,
902,92.89,
903,92.87,
904,92.87,
905,92.86,
906,92.85,
907,92.84,
908,92.81,
909,92.8,
910,92.79,
911,92.78,
912,92.78,
913,92.77,
914,92.77,
915,92.76,
916,92.76,
917,92.75,
918,92.74,
919,92.73,
920,92.72,
921,92.71,
922,92.71,
923,92.7,
924,92.69,
925,92.66,
926,92.64,
927,92.64,
928,92.62,
929,92.61,
930,92.61,
931,92.61,
932,92.57,
933,92.57,
934,92.57,
935,92.55,
936,92.54,
937,92.53,
938,92.53,
939,92.52,
940,92.51,
941,92.51,
942,92.51,
943,92.48,
944,92.47,
945,92.45,
946,92.44,
947,92.43,
948,92.43,
949,92.39,
950,92.38,
951,92.37,
952,92.37,
953,92.37,
954,92.36,
955,92.35,
956,92.34,
957,92.34,
958,92.34,
959,92.33,
960,92.33,
961,92.32,
962,92.31,
963,92.3,
964,92.29,
965,92.28,
966,92.27,
967,92.25,
968,92.25,
969,92.25,
970,92.22,
971,92.2,
972,92.19,
973,92.19,
974,92.18,
975,92.17,
976,92.17,
977,92.16,
978,92.13,
979,92.13,
980,92.13,
981,92.11,
982,92.1,
983,92.09,
984,92.09,
985,92.07,
986,92.06,
987,92.03,
988,92.02,
989,92.01,
990,92.01,
991,92,
992,92,
993,91.98,
994,91.98,
995,91.97,
996,91.96,
997,91.94,
998,91.94,
999,91.94,
1000,91.93,
1001,91.92,
1002,91.89,
1003,91.89,
1004,91.88,
1005,91.85,
1006,91.84,
1007,91.83,
1008,91.83,
1009,91.83,
1010,91.82,
1011,91.81,
1012,91.79,
1013,91.79,
1014,91.79,
1015,91.79,
1016,91.77,
1017,91.76,
1018,91.76,
1019,91.75,
1020,91.74,
1021,91.74,
1022,91.73,
1023,91.71,
1024,91.69,
1025,91.68,
1026,91.66,
1027,91.66,
1028,91.64,
1029,91.64,
1030,91.62,
1031,91.61,
1032,91.61,
1033,91.6,
1034,91.59,
1035,91.56,
1036,91.56,
1037,91.56,
1038,91.54,
1039,91.54,
1040,91.53,
1041,91.51,
1042,91.5,
1043,91.49,
1044,91.49,
1045,91.48,
1046,91.47,
1047,91.46,
1048,91.46,
1049,91.45,
1050,91.44,
1051,91.43,
1052,91.4,
1053,91.4,
1054,91.39,
1055,91.37,
1056,91.36,
1057,91.36,
1058,91.35,
1059,91.34,
1060,91.32,
1061,91.32,
1062,91.32,
1063,91.31,
1064,91.3,
1065,91.28,
1066,91.27,
1067,91.27,
1068,91.27,
1069,91.26,
1070,91.24,
1071,91.24,
1072,91.2,
1073,91.17,
1074,91.17,
1075,91.17,
1076,91.17,
1077,91.16,
1078,91.15,
1079,91.14,
1080,91.14,
1081,91.14,
1082,91.14,
1083,91.1,
1084,91.1,
1085,91.09,
1086,91.08,
1087,91.06,
1088,91.03,
1089,91.03,
1090,91.03,
1091,91.01,
1092,90.99,
1093,90.99,
1094,90.99,
1095,90.98,
1096,90.98,
1097,90.97,
1098,90.96,
1099,90.96,
1100,90.95,
1101,90.94,
1102,90.94,
1103,90.93,
1104,90.93,
1105,90.9,
1106,90.9,
1107,90.87,
1108,90.86,
1109,90.84,
1110,90.81,
1111,90.81,
1112,90.8,
1113,90.8,
1114,90.79,
1115,90.79,
1116,90.76,
1117,90.76,
1118,90.76,
1119,90.76,
1120,90.76,
1121,90.75,
1122,90.75,
1123,90.73,
1124,90.72,
1125,90.71,
1126,90.69,
1127,90.63,
1128,90.63,
1129,90.62,
1130,90.61,
1131,90.61,
1132,90.61,
1133,90.6,
1134,90.6,
1135,90.59,
1136,90.58,
1137,90.58,
1138,90.56,
1139,90.56,
1140,90.55,
1141,90.54,
1142,90.53,
1143,90.53,
1144,90.51,
1145,90.49,
1146,90.48,
1147,90.47,
1148,90.46,
1149,90.45,
1150,90.44,
1151,90.42,
1152,90.42,
1153,90.42,
1154,90.42,
1155,90.42,
1156,90.41,
1157,90.4,
1158,90.39,
1159,90.36,
1160,90.35,
1161,90.34,
1162,90.34,
1163,90.32,
1164,90.32,
1165,90.29,
1166,90.27,
1167,90.26,
1168,90.25,
1169,90.25,
1170,90.24,
1171,90.23,
1172,90.22,
1173,90.22,
1174,90.21,
1175,90.21,
1176,90.17,
1177,90.16,
1178,90.16,
1179,90.16,
1180,90.15,
1181,90.14,
1182,90.14,
1183,90.12,
1184,90.12,
1185,90.09,
1186,90.08,
1187,90.08,
1188,90.08,
1189,90.05,
1190,90.03,
1191,90.03,
1192,90.02,
1193,90.02,
1194,90,
1195,89.98,
1196,89.97,
1197,89.96,
1198,89.96,
1199,89.95,
1200,89.95,
1201,89.95,
1202,89.95,
1203,89.93,
1204,89.93,
1205,89.91,
1206,89.91,
1207,89.91,
1208,89.91,
1209,89.89,
1210,89.86,
1211,89.85,
1212,89.84,
1213,89.84,
1214,89.79,
1215,89.78,
1216,89.78,
1217,89.77,
1218,89.76,
1219,89.76,
1220,89.74,
1221,89.74,
1222,89.73,
1223,89.73,
1224,89.73,
1225,89.73,
1226,89.69,
1227,89.69,
1228,89.68,
1229,89.67,
1230,89.65,
1231,89.65,
1232,89.64,
1233,89.61,
1234,89.61,
1235,89.6,
1236,89.59,
1237,89.58,
1238,89.57,
1239,89.56,
1240,89.56,
1241,89.56,
1242,89.56,
1243,89.56,
1244,89.54,
1245,89.49,
1246,89.47,
1247,89.47,
1248,89.46,
1249,89.46,
1250,89.45,
1251,89.43,
1252,89.43,
1253,89.42,
1254,89.42,
1255,89.41,
1256,89.41,
1257,89.41,
1258,89.4,
1259,89.38,
1260,89.36,
1261,89.36,
1262,89.36,
1263,89.34,
1264,89.31,
1265,89.3,
1266,89.3,
1267,89.28,
1268,89.27,
1269,89.26,
1270,89.25,
1271,89.24,
1272,89.23,
1273,89.22,
1274,89.22,
1275,89.22,
1276,89.22,
1277,89.21,
1278,89.18,
1279,89.17,
1280,89.16,
1281,89.16,
1282,89.15,
1283,89.15,
1284,89.12,
1285,89.1,
1286,89.09,
1287,89.09,
1288,89.08,
1289,89.06,
1290,89.06,
1291,89.05,
1292,89.05,
1293,89.04,
1294,89.04,
1295,89.04,
1296,89.03,
1297,89,
1298,89,
1299,88.97,
1300,88.95,
1301,88.93,
1302,88.92,
1303,88.92,
1304,88.91,
1305,88.89,
1306,88.89,
1307,88.88,
1308,88.88,
1309,88.88,
1310,88.86,
1311,88.86,
1312,88.86,
1313,88.86,
1314,88.86,
1315,88.85,
1316,88.82,
1317,88.77,
1318,88.76,
1319,88.75,
1320,88.75,
1321,88.75,
1322,88.74,
1323,88.72,
1324,88.72,
1325,88.72,
1326,88.71,
1327,88.7,
1328,88.68,
1329,88.68,
1330,88.67,
1331,88.67,
1332,88.66,
1333,88.66,
1334,88.65,
1335,88.64,
1336,88.62,
1337,88.6,
1338,88.58,
1339,88.57,
1340,88.56,
1341,88.55,
1342,88.55,
1343,88.55,
1344,88.54,
1345,88.54,
1346,88.51,
1347,88.51,
1348,88.49,
1349,88.49,
1350,88.48,
1351,88.47,
1352,88.47,
1353,88.46,
1354,88.42,
1355,88.41,
1356,88.4,
1357,88.38,
1358,88.38,
1359,88.37,
1360,88.37,
1361,88.35,
1362,88.35,
1363,88.35,
1364,88.33,
1365,88.32,
1366,88.31,
1367,88.31,
1368,88.3,
1369,88.3,
1370,88.29,
1371,88.28,
1372,88.28,
1373,88.24,
1374,88.21,
1375,88.19,
1376,88.19,
1377,88.19,
1378,88.18,
1379,88.17,
1380,88.16,
1381,88.16,
1382,88.15,
1383,88.15,
1384,88.14,
1385,88.13,
1386,88.13,
1387,88.12,
1388,88.11,
1389,88.1,
1390,88.09,
1391,88.09,
1392,88.08,
1393,88.07,
1394,88.06,
1395,88.04,
1396,88.04,
1397,88.04,
1398,88,
1399,87.99,
1400,87.98,
1401,87.98,
1402,87.98,
1403,87.95,
1404,87.94,
1405,87.94,
1406,87.94,
1407,87.92,
1408,87.92,
1409,87.89,
1410,87.89,
1411,87.89,
1412,87.88,
1413,87.87,
1414,87.87,
1415,87.85,
1416,87.85,
1417,87.82,
1418,87.82,
1419,87.81,
1420,87.8,
1421,87.79,
1422,87.76,
1423,87.76,
1424,87.76,
1425,87.75,
1426,87.75,
1427,87.74,
1428,87.73,
1429,87.73,
1430,87.72,
1431,87.72,
1432,87.69,
1433,87.69,
1434,87.68,
1435,87.64,
1436,87.64,
1437,87.63,
1438,87.63,
1439,87.62,
1440,87.61,
1441,87.6,
1442,87.59,
1443,87.57,
1444,87.57,
1445,87.57,
1446,87.56,
1447,87.56,
1448,87.55,
1449,87.55,
1450,87.55,
1451,87.55,
1452,87.55,
1453,87.54,
1454,87.52,
1455,87.51,
1456,87.5,
1457,87.47,
1458,87.46,
1459,87.45,
1460,87.45,
1461,87.44,
1462,87.4,
1463,87.39,
1464,87.39,
1465,87.39,
1466,87.39,
1467,87.38,
1468,87.37,
1469,87.37,
1470,87.36,
1471,87.35,
1472,87.35,
1473,87.34,
1474,87.34,
1475,87.31,
1476,87.3,
1477,87.3,
1478,87.28,
1479,87.28,
1480,87.27,
1481,87.27,
1482,87.24,
1483,87.21,
1484,87.21,
1485,87.2,
1486,87.2,
1487,87.2,
1488,87.19,
1489,87.19,
1490,87.18,
1491,87.18,
1492,87.17,
1493,87.15,
1494,87.15,
1495,87.14,
1496,87.14,
1497,87.11,
1498,87.11,
1499,87.11,
1500,87.11,
1501,87.08,
1502,87.06,
1503,87.06,
1504,87.04,
1505,87.04,
1506,87.03,
1507,87.02,
1508,87.01,
1509,87.01,
1510,87.01,
1511,87.01,
1512,87,
1513,87,
1514,87,
1515,86.99,
1516,86.95,
1517,86.95,
1518,86.94,
1519,86.93,
1520,86.93,
1521,86.92,
1522,86.89,
1523,86.89,
1524,86.88,
1525,86.88,
1526,86.87,
1527,86.87,
1528,86.87,
1529,86.84,
1530,86.84,
1531,86.83,
1532,86.83,
1533,86.83,
1534,86.81,
1535,86.81,
1536,86.8,
1537,86.8,
1538,86.78,
1539,86.77,
1540,86.76,
1541,86.76,
1542,86.73,
1543,86.72,
1544,86.71,
1545,86.7,
1546,86.69,
1547,86.68,
1548,86.67,
1549,86.67,
1550,86.66,
1551,86.66,
1552,86.65,
1553,86.65,
1554,86.65,
1555,86.65,
1556,86.65,
1557,86.62,
1558,86.62,
1559,86.61,
1560,86.58,
1561,86.58,
1562,86.57,
1563,86.56,
1564,86.53,
1565,86.53,
1566,86.53,
1567,86.52,
1568,86.51,
1569,86.51,
1570,86.49,
1571,86.49,
1572,86.48,
1573,86.48,
1574,86.47,
1575,86.47,
1576,86.47,
1577,86.44,
1578,86.43,
1579,86.43,
1580,86.43,
1581,86.41,
1582,86.41,
1583,86.4,
1584,86.36,
1585,86.36,
1586,86.35,
1587,86.35,
1588,86.35,
1589,86.34,
1590,86.34,
1591,86.33,
1592,86.32,
1593,86.31,
1594,86.31,
1595,86.3,
1596,86.29,
1597,86.28,
1598,86.27,
1599,86.25,
1600,86.25,
1601,86.24,
1602,86.24,
1603,86.23,
1604,86.22,
1605,86.22,
1606,86.2,
1607,86.18,
1608,86.16,
1609,86.16,
1610,86.15,
1611,86.15,
1612,86.15,
1613,86.14,
1614,86.14,
1615,86.14,
1616,86.13,
1617,86.11,
1618,86.1,
1619,86.1,
1620,86.09,
1621,86.06,
1622,86.06,
1623,86.06,
1624,86.06,
1625,86.03,
1626,86.02,
1627,86.01,
1628,86.01,
1629,86,
1630,85.99,
1631,85.98,
1632,85.98,
1633,85.97,
1634,85.96,
1635,85.96,
1636,85.95,
1637,85.93,
1638,85.92,
1639,85.91,
1640,85.91,
1641,85.91,
1642,85.88,
1643,85.88,
1644,85.88,
1645,85.87,
1646,85.87,
1647,85.84,
1648,85.83,
1649,85.82,
1650,85.81,
1651,85.8,
1652,85.79,
1653,85.79,
1654,85.78,
1655,85.78,
1656,85.76,
1657,85.76,
1658,85.76,
1659,85.75,
1660,85.75,
1661,85.74,
1662,85.73,
1663,85.73,
1664,85.71,
1665,85.71,
1666,85.7,
1667,85.69,
1668,85.69,
1669,85.67,
1670,85.67,
1671,85.66,
1672,85.64,
1673,85.63,
1674,85.62,
1675,85.61,
1676,85.61,
1677,85.59,
1678,85.57,
1679,85.57,
1680,85.56,
1681,85.56,
1682,85.56,
1683,85.55,
1684,85.55,
1685,85.55,
1686,85.53,
1687,85.5,
1688,85.5,
1689,85.5,
1690,85.5,
1691,85.49,
1692,85.46,
1693,85.46,
1694,85.45,
1695,85.44,
1696,85.43,
1697,85.42,
1698,85.42,
1699,85.41,
1700,85.41,
1701,85.38,
1702,85.38,
1703,85.38,
1704,85.37,
1705,85.37,
1706,85.36,
1707,85.36,
1708,85.33,
1709,85.33,
1710,85.32,
1711,85.31,
1712,85.28,
1713,85.28,
1714,85.28,
1715,85.26,
1716,85.26,
1717,85.26,
1718,85.25,
1719,85.25,
1720,85.24,
1721,85.24,
1722,85.23,
1723,85.2,
1724,85.2,
1725,85.18,
1726,85.18,
1727,85.18,
1728,85.18,
1729,85.17,
1730,85.17,
1731,85.16,
1732,85.13,
1733,85.13,
1734,85.12,
1735,85.12,
1736,85.11,
1737,85.11,
1738,85.11,
1739,85.06,
1740,85.06,
1741,85.06,
1742,85.05,
1743,85.04,
1744,85.02,
1745,85.01,
1746,85.01,
1747,85,
1748,85,
1749,84.99,
1750,84.98,
1751,84.98,
1752,84.97,
1753,84.96,
1754,84.95,
1755,84.94,
1756,84.94,
1757,84.94,
1758,84.94,
1759,84.93,
1760,84.89,
1761,84.88,
1762,84.86,
1763,84.86,
1764,84.84,
1765,84.83,
1766,84.83,
1767,84.83,
1768,84.83,
1769,84.83,
1770,84.83,
1771,84.81,
1772,84.81,
1773,84.79,
1774,84.79,
1775,84.77,
1776,84.76,
1777,84.76,
1778,84.76,
1779,84.75,
1780,84.74,
1781,84.7,
1782,84.69,
1783,84.68,
1784,84.67,
1785,84.66,
1786,84.66,
1787,84.66,
1788,84.65,
1789,84.65,
1790,84.65,
1791,84.64,
1792,84.63,
1793,84.62,
1794,84.61,
1795,84.6,
1796,84.59,
1797,84.59,
1798,84.58,
1799,84.58,
1800,84.57,
1801,84.57,
1802,84.57,
1803,84.52,
1804,84.52,
1805,84.5,
1806,84.5,
1807,84.49,
1808,84.48,
1809,84.47,
1810,84.47,
1811,84.47,
1812,84.46,
1813,84.45,
1814,84.44,
1815,84.44,
1816,84.42,
1817,84.42,
1818,84.42,
1819,84.41,
1820,84.41,
1821,84.41,
1822,84.39,
1823,84.39,
1824,84.38,
1825,84.38,
1826,84.34,
1827,84.32,
1828,84.32,
1829,84.31,
1830,84.3,
1831,84.29,
1832,84.28,
1833,84.28,
1834,84.26,
1835,84.25,
1836,84.24,
1837,84.24,
1838,84.23,
1839,84.22,
1840,84.21,
1841,84.21,
1842,84.2,
1843,84.2,
1844,84.2,
1845,84.19,
1846,84.19,
1847,84.18,
1848,84.16,
1849,84.15,
1850,84.13,
1851,84.13,
1852,84.13,
1853,84.11,
1854,84.1,
1855,84.08,
1856,84.08,
1857,84.08,
1858,84.08,
1859,84.07,
1860,84.04,
1861,84.02,
1862,84.01,
1863,84.01,
1864,84.01,
1865,83.99,
1866,83.99,
1867,83.99,
1868,83.98,
1869,83.98,
1870,83.97,
1871,83.97,
1872,83.97,
1873,83.96,
1874,83.96,
1875,83.96,
1876,83.95,
1877,83.92,
1878,83.92,
1879,83.91,
1880,83.9,
1881,83.89,
1882,83.89,
1883,83.85,
1884,83.83,
1885,83.83,
1886,83.82,
1887,83.79,
1888,83.79,
1889,83.79,
1890,83.79,
1891,83.78,
1892,83.78,
1893,83.77,
1894,83.76,
1895,83.76,
1896,83.74,
1897,83.74,
1898,83.74,
1899,83.74,
1900,83.73,
1901,83.73,
1902,83.73,
1903,83.72,
1904,83.71,
1905,83.7,
1906,83.64,
1907,83.64,
1908,83.64,
1909,83.64,
1910,83.61,
1911,83.61,
1912,83.61,
1913,83.6,
1914,83.59,
1915,83.59,
1916,83.57,
1917,83.57,
1918,83.57,
1919,83.56,
1920,83.55,
1921,83.55,
1922,83.54,
1923,83.53,
1924,83.53,
1925,83.52,
1926,83.52,
1927,83.5,
1928,83.49,
1929,83.49,
1930,83.45,
1931,83.45,
1932,83.45,
1933,83.44,
1934,83.43,
1935,83.43,
1936,83.41,
1937,83.4,
1938,83.4,
1939,83.39,
1940,83.38,
1941,83.37,
1942,83.37,
1943,83.37,
1944,83.34,
1945,83.34,
1946,83.33,
1947,83.33,
1948,83.33,
1949,83.32,
1950,83.31,
1951,83.28,
1952,83.27,
1953,83.27,
1954,83.27,
1955,83.26,
1956,83.25,
1957,83.25,
1958,83.25,
1959,83.24,
1960,83.23,
1961,83.23,
1962,83.21,
1963,83.21,
1964,83.2,
1965,83.19,
1966,83.19,
1967,83.18,
1968,83.16,
1969,83.15,
1970,83.12,
1971,83.11,
1972,83.1,
1973,83.09,
1974,83.09,
1975,83.08,
1976,83.08,
1977,83.08,
1978,83.08,
1979,83.07,
1980,83.07,
1981,83.06,
1982,83.05,
1983,83.04,
1984,83.01,
1985,83.01,
1986,83,
1987,83,
1988,82.99,
1989,82.98,
1990,82.98,
1991,82.94,
1992,82.92,
1993,82.91,
1994,82.91,
1995,82.91,
1996,82.91,
1997,82.9,
1998,82.9,
1999,82.89,
2000,82.89,
2001,82.89,
2002,82.89,
2003,82.88,
2004,82.88,
2005,82.87,
2006,82.87,
2007,82.83,
2008,82.82,
2009,82.81,
2010,82.8,
2011,82.8,
2012,82.79,
2013,82.78,
2014,82.78,
2015,82.78,
2016,82.77,
2017,82.77,
2018,82.74,
2019,82.74,
2020,82.73,
2021,82.73,
2022,82.72,
2023,82.71,
2024,82.71,
2025,82.71,
2026,82.7,
2027,82.68,
2028,82.67,
2029,82.65,
2030,82.65,
2031,82.64,
2032,82.64,
2033,82.64,
2034,82.63,
2035,82.62,
2036,82.62,
2037,82.61,
2038,82.61,
2039,82.59,
2040,82.58,
2041,82.57,
2042,82.54,
2043,82.54,
2044,82.53,
2045,82.53,
2046,82.52,
2047,82.52,
2048,82.5,
2049,82.49,
2050,82.49,
2051,82.48,
2052,82.47,
2053,82.46,
2054,82.45,
2055,82.45,
2056,82.45,
2057,82.44,
2058,82.44,
2059,82.43,
2060,82.42,
2061,82.42,
2062,82.41,
2063,82.4,
2064,82.39,
2065,82.37,
2066,82.36,
2067,82.35,
2068,82.35,
2069,82.35,
2070,82.34,
2071,82.34,
2072,82.33,
2073,82.31,
2074,82.3,
2075,82.3,
2076,82.3,
2077,82.28,
2078,82.26,
2079,82.26,
2080,82.25,
2081,82.24,
2082,82.22,
2083,82.22,
2084,82.22,
2085,82.21,
2086,82.19,
2087,82.18,
2088,82.18,
2089,82.17,
2090,82.17,
2091,82.17,
2092,82.15,
2093,82.15,
2094,82.14,
2095,82.1,
2096,82.1,
2097,82.1,
2098,82.09,
2099,82.08,
2100,82.07,
2101,82.06,
2102,82.05,
2103,82.02,
2104,82,
2105,82,
2106,82,
2107,81.99,
2108,81.99,
2109,81.99,
2110,81.96,
2111,81.96,
2112,81.95,
2113,81.95,
2114,81.94,
2115,81.92,
2116,81.92,
2117,81.91,
2118,81.91,
2119,81.91,
2120,81.9,
2121,81.9,
2122,81.89,
2123,81.88,
2124,81.84,
2125,81.83,
2126,81.83,
2127,81.82,
2128,81.81,
2129,81.78,
2130,81.78,
2131,81.77,
2132,81.75,
2133,81.75,
2134,81.74,
2135,81.72,
2136,81.72,
2137,81.71,
2138,81.71,
2139,81.66,
2140,81.65,
2141,81.63,
2142,81.63,
2143,81.63,
2144,81.62,
2145,81.61,
2146,81.59,
2147,81.59,
2148,81.58,
2149,81.57,
2150,81.56,
2151,81.55,
2152,81.54,
2153,81.54,
2154,81.53,
2155,81.53,
2156,81.51,
2157,81.49,
2158,81.48,
2159,81.47,
2160,81.46,
2161,81.46,
2162,81.44,
2163,81.44,
2164,81.44,
2165,81.41,
2166,81.4,
2167,81.38,
2168,81.36,
2169,81.35,
2170,81.35,
2171,81.35,
2172,81.35,
2173,81.34,
2174,81.33,
2175,81.29,
2176,81.28,
2177,81.28,
2178,81.27,
2179,81.26,
2180,81.26,
2181,81.25,
2182,81.23,
2183,81.23,
2184,81.2,
2185,81.2,
2186,81.19,
2187,81.19,
2188,81.17,
2189,81.16,
2190,81.12,
2191,81.11,
2192,81.1,
2193,81.09,
2194,81.08,
2195,81.07,
2196,81.05,
2197,81.05,
2198,81.05,
2199,81.03,
2200,81.03,
2201,81.02,
2202,81.01,
2203,81,
2204,80.99,
2205,80.97,
2206,80.97,
2207,80.95,
2208,80.91,
2209,80.89,
2210,80.87,
2211,80.87,
2212,80.86,
2213,80.82,
2214,80.82,
2215,80.81,
2216,80.81,
2217,80.79,
2218,80.79,
2219,80.77,
2220,80.72,
2221,80.67,
2222,80.67,
2223,80.65,
2224,80.64,
2225,80.62,
2226,80.61,
2227,80.6,
2228,80.53,
2229,80.48,
2230,80.48,
2231,80.45,
2232,80.43,
2233,80.43,
2234,80.4,
2235,80.32,
2236,80.29,
2237,80.29,
2238,80.29,
2239,80.28,
2240,80.24,
2241,80.23,
2242,80.2,
2243,80.16,
2244,80.16,
2245,80.11,
2246,80.08,
2247,80.06,
2248,80.04,
2249,79.96,
2250,79.93,
2251,79.87,
2252,79.84,
2253,79.8,
2254,79.78,
2255,79.76,
2256,79.76,
2257,79.69,
2258,79.56,
2259,79.46,
2260,79.32,
2261,79.29,
2262,79.22,
2263,79.22,
2264,79.07,
2265,78.99,
2266,78.83,
2267,78.75,
2268,78.71,
2269,78.69,
2270,78.59,
2271,78.52,
2272,78.35,
2273,78.29,
2274,78.16,
2275,78.13,
2276,78.11,
2277,78.05,
2278,77.87,
2279,77.82,
2280,77.64,
2281,77.64,
2282,77.59,
2283,77.56,
2284,77.4,
2285,77.36,
2286,77.16,
2287,77.12,
2288,77.11,
2289,76.99,
2290,76.93,
2291,76.89,
2292,76.69,
2293,76.66,
2294,76.58,
2295,76.45,
2296,76.42,
2297,76.42,
2298,76.21,
2299,76.18,
2300,76.06,
2301,75.96,
2302,75.96,
2303,75.85,
2304,75.77,
2305,75.71,
2306,75.67,
2307,75.55,
2308,75.54,
2309,75.47,
2310,75.29,
2311,75.14,
2312,75.08,
